"DESCRIPTION","DURATION IN MS","NAME","PARENT SUITE","START TIME","STATUS","STOP TIME","SUB SUITE","SUITE","TEST CLASS","TEST METHOD"
"","740","API. Авторизованный пользователь может пополнить счет Сумма пополнения: 0.01","","2026-08-27","passed","2026-08-27","","API. Пополнение счета","api.iteration_2.DepositAccountTest","authorizedUserCanDepositAccountTest"
"","1107","API. Авторизованный пользователь не может перевести невалидную сумму между своими счетами Сумма перевода меньше минимальной","","2026-08-27","passed","2026-08-27","","API. Перевод","api.iteration_2.TransferFundsTest","authorizedUserCannotTransferInvalidAmountBetweenTheirAccountsTest"
"","24","API. Пользователь не может авторизоваться с невалидными данными Password содержит пробел","","2026-08-27","passed","2026-08-27","","API. Авторизация пользователя","api.iteration_1.LoginUserTest","userCannotGenerateAuthTokenWithInvalidDataTest"
"","1145","API. Авторизованный пользователь может перевести валидную сумму между своими счетами Сумма перевода: 10000.0","","2026-08-27","passed","2026-08-27","","API. Перевод","api.iteration_2.TransferFundsTest","authorizedUserCanTransferValidAmountBetweenTheirAccountsTest"
"","3481","UI. Пользователь не может пополнить свой счет с невалидной суммой Сумма пополнения больше максимальной","","2026-08-27","passed","2026-08-27","","UI. Пополнение счета","ui.iteration_2.DepositAccountTest","userCannotDepositAccountWithInvalidAmountTest"
"","4150","UI. Пользователь не может изменить имя в профиле на невалидное","","2026-08-27","passed","2026-08-27","","UI. Обновление профиля пользователя","ui.iteration_2.UpdateCustomerProfileTest","userCannotSetInvalidNameInProfileTest"
"","3436","UI. Пользователь не может пополнить свой счет с невалидной суммой Сумма пополнения меньше минимальной","","2026-08-27","passed","2026-08-27","","UI. Пополнение счета","ui.iteration_2.DepositAccountTest","userCannotDepositAccountWithInvalidAmountTest"
"","526","API. Авторизованный пользователь может получить свой профиль","","2026-08-27","passed","2026-08-27","","API. Получение профиля пользователя","api.iteration_3.GetCustomerProfileTest","authorizedUserCanGetProfileTest"
"","1136","API. Авторизованный пользователь может перевести валидную сумму между своими счетами Сумма перевода: 0.01","","2026-08-27","passed","2026-08-27","","API. Перевод","api.iteration_2.TransferFundsTest","authorizedUserCanTransferValidAmountBetweenTheirAccountsTest"
"","648","API. Неавторизованный пользователь не может пополнить счет","","2026-08-27","passed","2026-08-27","","API. Пополнение счета","api.iteration_2.DepositAccountTest","unauthorizedUserCannotDepositAccountTest"
"","25","API. Пользователь не может авторизоваться с невалидными данными Пустой password","","2026-08-27","passed","2026-08-27","","API. Авторизация пользователя","api.iteration_1.LoginUserTest","userCannotGenerateAuthTokenWithInvalidDataTest"
"","18","API. Неавторизованный пользователь не может получить список своих счетов","","2026-08-27","passed","2026-08-27","","API. Получение списка счетов пользователя","api.iteration_3.GetCustomerAccountsTest","unauthorizedUserCannotGetOwnAccountsTest"
"","8101","UI. Администратор может создать пользователя","","2026-08-27","passed","2026-08-27","","UI. Создание пользователя","ui.iteration_1.CreateUserTest","adminCanCreateUserTest"
"","554","API. Неавторизованный пользователь не может создать счет","","2026-08-27","passed","2026-08-27","","API. Создание счета","api.iteration_1.CreateAccountTest","unauthorizedUserCannotCreateAccountTest"
"","31","API. Пользователь не может авторизоваться с невалидными данными Username короче 3 символов","","2026-08-27","passed","2026-08-27","","API. Авторизация пользователя","api.iteration_1.LoginUserTest","userCannotGenerateAuthTokenWithInvalidDataTest"
"","726","API. Авторизованный пользователь не может пополнить счет невалидной суммой Сумма пополнения больше максимальной","","2026-08-27","passed","2026-08-27","","API. Пополнение счета","api.iteration_2.DepositAccountTest","authorizedUserCannotDepositAccountWithInvalidAmountTest"
"","1552","API. Авторизованный пользователь не может перевести невалидную сумму на счет другого пользователя Сумма перевода больше максимальной","","2026-08-27","passed","2026-08-27","","API. Перевод","api.iteration_2.TransferFundsTest","authorizedUserCannotTransferInvalidAmountToAnotherUserAccountTest"
"","441","API. Администратор может создать пользователя с валидными данными Создание пользователя с правами администратора","","2026-08-27","passed","2026-08-27","","API. Создание пользователя","api.iteration_1.CreateUserTest","adminCanCreateUserWithValidDataTest"
"","428","API. Администратор может удалить пользователя Удаление пользователя без прав администратора","","2026-08-27","passed","2026-08-27","","API. Удаление пользователя","api.iteration_3.DeleteUserTest","adminCanDeleteUserTest"
"","1108","API. Авторизованный пользователь не может перевести невалидную сумму между своими счетами Сумма перевода больше максимальной","","2026-08-27","passed","2026-08-27","","API. Перевод","api.iteration_2.TransferFundsTest","authorizedUserCannotTransferInvalidAmountBetweenTheirAccountsTest"
"","227","API. Администратор не может создать пользователя с невалидными данными Username содержит спецсимвол","","2026-08-27","passed","2026-08-27","","API. Создание пользователя","api.iteration_1.CreateUserTest","adminCannotCreateUserWithInvalidDataTest"
"","123","API. Администратор не может удалить пользователя через невалидный id","","2026-08-27","passed","2026-08-27","","API. Удаление пользователя","api.iteration_3.DeleteUserTest","adminCannotDeleteUserWithInvalidIdTest"
"","540","API. Администратор не может создать пользователя с уже существующим username","","2026-08-27","passed","2026-08-27","","API. Создание пользователя","api.iteration_1.CreateUserTest","adminCannotCreateUserWithExistingUsernameTest"
"","234","API. Администратор не может создать пользователя с невалидными данными Username короче 3 символов","","2026-08-27","passed","2026-08-27","","API. Создание пользователя","api.iteration_1.CreateUserTest","adminCannotCreateUserWithInvalidDataTest"
"","39","API. Пользователь не может авторизоваться с невалидными данными Пустой username","","2026-08-27","passed","2026-08-27","","API. Авторизация пользователя","api.iteration_1.LoginUserTest","userCannotGenerateAuthTokenWithInvalidDataTest"
"","629","API. Авторизованный пользователь не может изменить имя в профиле на невалидное Имя из трех слов","","2026-08-27","passed","2026-08-27","","API. Обновление профиля пользователя","api.iteration_2.UpdateCustomerProfileTest","authorizedUserCannotSetInvalidNameTest"
"","417","API. Администратор может удалить пользователя Удаление пользователя с правами администратора","","2026-08-27","passed","2026-08-27","","API. Удаление пользователя","api.iteration_3.DeleteUserTest","adminCanDeleteUserTest"
"","627","API. Авторизованный пользователь не может изменить имя в профиле на невалидное Имя с пробелом в начале","","2026-08-27","passed","2026-08-27","","API. Обновление профиля пользователя","api.iteration_2.UpdateCustomerProfileTest","authorizedUserCannotSetInvalidNameTest"
"","106","API. Администратор может авторизоваться","","2026-08-27","passed","2026-08-27","","API. Авторизация пользователя","api.iteration_1.LoginUserTest","adminCanGenerateAuthTokenTest"
"","1530","API. Авторизованный пользователь не может перевести валидную сумму с несуществующего счета на счет другого пользователя","","2026-08-27","passed","2026-08-27","","API. Перевод","api.iteration_2.TransferFundsTest","authorizedUserCannotTransferFundsFromNonExistingAccountTest"
"","611","API. Авторизованный пользователь не может изменить имя в профиле на невалидное Имя с двумя пробелами","","2026-08-27","passed","2026-08-27","","API. Обновление профиля пользователя","api.iteration_2.UpdateCustomerProfileTest","authorizedUserCannotSetInvalidNameTest"
"","955","API. Пользователь без прав администратора не может удалить пользователя","","2026-08-27","passed","2026-08-27","","API. Удаление пользователя","api.iteration_3.DeleteUserTest","userWithoutAdminPermissionsCannotDeleteUserTest"
"","527","API. Неавторизованный пользователь не может изменить имя в профиле","","2026-08-27","passed","2026-08-27","","API. Обновление профиля пользователя","api.iteration_2.UpdateCustomerProfileTest","unauthorizedUserCannotChangeNameTest"
"","245","API. Администратор не может создать пользователя с невалидными данными Password короче 8 символов","","2026-08-27","passed","2026-08-27","","API. Создание пользователя","api.iteration_1.CreateUserTest","adminCannotCreateUserWithInvalidDataTest"
"","1508","API. Авторизованный пользователь не может перевести невалидную сумму на счет другого пользователя Сумма перевода равна 0","","2026-08-27","passed","2026-08-27","","API. Перевод","api.iteration_2.TransferFundsTest","authorizedUserCannotTransferInvalidAmountToAnotherUserAccountTest"
"","3437","UI. Пользователь не может пополнить свой счет без указания суммы","","2026-08-27","passed","2026-08-27","","UI. Пополнение счета","ui.iteration_2.DepositAccountTest","userCannotDepositAccountWithoutAmountTest"
"","4625","UI. Пользователь не может выполнить перевод без указания суммы","","2026-08-27","passed","2026-08-27","","UI. Перевод","ui.iteration_2.TransferFundsTest","userCannotTransferFundsWithoutAmountTest"
"","111","API. Администратор не может получить список счетов","","2026-08-27","passed","2026-08-27","","API. Получение списка счетов пользователя","api.iteration_3.GetCustomerAccountsTest","adminCannotGetAccountsTest"
"","2320","UI. Администратор может авторизоваться с валидными данными","","2026-08-27","passed","2026-08-27","","UI. Авторизация пользователя","ui.iteration_1.LoginUserTest","adminCanLoginWithCorrectDataTest"
"","24","API. Пользователь не может авторизоваться с невалидными данными Password без заглавной буквы","","2026-08-27","passed","2026-08-27","","API. Авторизация пользователя","api.iteration_1.LoginUserTest","userCannotGenerateAuthTokenWithInvalidDataTest"
"","622","API. Авторизованный пользователь не может изменить имя в профиле на невалидное Имя с пробелом на конце","","2026-08-27","passed","2026-08-27","","API. Обновление профиля пользователя","api.iteration_2.UpdateCustomerProfileTest","authorizedUserCannotSetInvalidNameTest"
"","734","API. Авторизованный пользователь не может пополнить счет невалидной суммой Сумма пополнения меньше минимальной","","2026-08-27","passed","2026-08-27","","API. Пополнение счета","api.iteration_2.DepositAccountTest","authorizedUserCannotDepositAccountWithInvalidAmountTest"
"","3549","UI. Пользователь может пополнить свой счет с валидной суммой","","2026-08-27","passed","2026-08-27","","UI. Пополнение счета","ui.iteration_2.DepositAccountTest","userCanDepositAccountTest"
"","717","API. Авторизованный пользователь может пополнить счет Сумма пополнения: 4999.99","","2026-08-27","passed","2026-08-27","","API. Пополнение счета","api.iteration_2.DepositAccountTest","authorizedUserCanDepositAccountTest"
"","861","API. Авторизованный пользователь может получить список транзакций по своему счету","","2026-08-27","passed","2026-08-27","","API. Получение списка транзакций по счету","api.iteration_3.GetAccountTransactionsTest","authorizedUserCanGetOwnAccountTransactionsTest"
"","1543","API. Авторизованный пользователь может перевести валидную сумму на счет другого пользователя Сумма перевода: 9999.99","","2026-08-27","passed","2026-08-27","","API. Перевод","api.iteration_2.TransferFundsTest","authorizedUserCanTransferValidAmountToAnotherUserAccountTest"
"","512","API. Авторизованный пользователь без прав администратора не может получить список пользователей","","2026-08-27","passed","2026-08-27","","API. Получение списка пользователей","api.iteration_3.GetAllUsersTest","authorizedUserWithoutAdminPermissionsCannotGetUsersListTest"
"","5072","UI. Пользователь может выполнить перевод на счет другого пользователя","","2026-08-27","passed","2026-08-27","","UI. Перевод","ui.iteration_2.TransferFundsTest","userCanTransferFundsToAnotherUserAccountTest"
"","1113","API. Авторизованный пользователь не может перевести невалидную сумму между своими счетами Сумма перевода равна 0","","2026-08-27","passed","2026-08-27","","API. Перевод","api.iteration_2.TransferFundsTest","authorizedUserCannotTransferInvalidAmountBetweenTheirAccountsTest"
"","4280","UI. Пользователь может изменить имя в профиле","","2026-08-27","passed","2026-08-27","","UI. Обновление профиля пользователя","ui.iteration_2.UpdateCustomerProfileTest","userCanSetValidNameInProfileTest"
"","3033","UI. Пользователь может создать аккаунт","","2026-08-27","passed","2026-08-27","","UI. Создание счета","ui.iteration_1.CreateAccountTest","userCanCreateAccountTest"
"","1533","API. Авторизованный пользователь может перевести валидную сумму на счет другого пользователя Сумма перевода: 0.01","","2026-08-27","passed","2026-08-27","","API. Перевод","api.iteration_2.TransferFundsTest","authorizedUserCanTransferValidAmountToAnotherUserAccountTest"
"","808","API. Неавторизованный пользователь не может получить список транзакций по своему счету","","2026-08-27","passed","2026-08-27","","API. Получение списка транзакций по счету","api.iteration_3.GetAccountTransactionsTest","unauthorizedUserCannotGetOwnAccountsTransactionsTest"
"","767","API. Пользователь без прав администратора не может создать пользователя","","2026-08-27","passed","2026-08-27","","API. Создание пользователя","api.iteration_1.CreateUserTest","userWithoutAdminPermissionsCannotCreateUserTest"
"","231","API. Администратор не может создать пользователя с невалидными данными Password без заглавной буквы","","2026-08-27","passed","2026-08-27","","API. Создание пользователя","api.iteration_1.CreateUserTest","adminCannotCreateUserWithInvalidDataTest"
"","226","API. Администратор не может создать пользователя с невалидными данными Пустой password","","2026-08-27","passed","2026-08-27","","API. Создание пользователя","api.iteration_1.CreateUserTest","adminCannotCreateUserWithInvalidDataTest"
"","1408","API. Неавторизованный пользователь не может перевести валидную сумму на счет другого пользователя","","2026-08-27","passed","2026-08-27","","API. Перевод","api.iteration_2.TransferFundsTest","unauthorizedUserCannotTransferFundsTest"
"","635","API. Авторизованный пользователь не может изменить имя в профиле на невалидное Имя из одного слова","","2026-08-27","passed","2026-08-27","","API. Обновление профиля пользователя","api.iteration_2.UpdateCustomerProfileTest","authorizedUserCannotSetInvalidNameTest"
"","455","API. Администратор может создать пользователя с валидными данными Создание пользователя без прав администратора","","2026-08-27","passed","2026-08-27","","API. Создание пользователя","api.iteration_1.CreateUserTest","adminCanCreateUserWithValidDataTest"
"","613","API. Авторизованный пользователь может изменить имя в профиле на валидное","","2026-08-27","passed","2026-08-27","","API. Обновление профиля пользователя","api.iteration_2.UpdateCustomerProfileTest","authorizedUserCanSetValidNameTest"
"","4701","UI. Пользователь не может выполнить перевод без указания счета получателя","","2026-08-27","passed","2026-08-27","","UI. Перевод","ui.iteration_2.TransferFundsTest","userCannotTransferFundsWithoutReceiverAccountNumberTest"
"","4962","UI. Пользователь не может выполнить перевод с невалидной суммой","","2026-08-27","passed","2026-08-27","","UI. Перевод","ui.iteration_2.TransferFundsTest","userCannotTransferFundsWithInvalidAmountTest"
"","615","API. Авторизованный пользователь не может изменить имя в профиле на невалидное Имя с цифрой","","2026-08-27","passed","2026-08-27","","API. Обновление профиля пользователя","api.iteration_2.UpdateCustomerProfileTest","authorizedUserCannotSetInvalidNameTest"
"","1532","API. Авторизованный пользователь не может перевести невалидную сумму на счет другого пользователя Сумма перевода меньше минимальной","","2026-08-27","passed","2026-08-27","","API. Перевод","api.iteration_2.TransferFundsTest","authorizedUserCannotTransferInvalidAmountToAnotherUserAccountTest"
"","1164","API. Авторизованный пользователь может перевести валидную сумму между своими счетами Сумма перевода: 0.02","","2026-08-27","passed","2026-08-27","","API. Перевод","api.iteration_2.TransferFundsTest","authorizedUserCanTransferValidAmountBetweenTheirAccountsTest"
"","640","API. Авторизованный пользователь может получить список своих счетов","","2026-08-27","passed","2026-08-27","","API. Получение списка счетов пользователя","api.iteration_3.GetCustomerAccountsTest","authorizedUserCanGetOwnAccountsTest"
"","4528","UI. Пользователь не может выполнить перевод без указания счета отправителя","","2026-08-27","passed","2026-08-27","","UI. Перевод","ui.iteration_2.TransferFundsTest","userCannotTransferFundsWithoutSenderAccountNumberTest"
"","64","API. Пользователь не может авторизоваться с невалидными данными Username длиннее 15 символов","","2026-08-27","passed","2026-08-27","","API. Авторизация пользователя","api.iteration_1.LoginUserTest","userCannotGenerateAuthTokenWithInvalidDataTest"
"","446","API. Неавторизованный пользователь не может удалить пользователя","","2026-08-27","passed","2026-08-27","","API. Удаление пользователя","api.iteration_3.DeleteUserTest","adminCannotDeleteUserWithoutAuthTest"
"","1130","API. Авторизованный пользователь может перевести валидную сумму между своими счетами Сумма перевода: 9999.99","","2026-08-27","passed","2026-08-27","","API. Перевод","api.iteration_2.TransferFundsTest","authorizedUserCanTransferValidAmountBetweenTheirAccountsTest"
"","1625","API. Авторизованный пользователь может перевести валидную сумму на счет другого пользователя Сумма перевода: 10000.0","","2026-08-27","passed","2026-08-27","","API. Перевод","api.iteration_2.TransferFundsTest","authorizedUserCanTransferValidAmountToAnotherUserAccountTest"
"","1110","API. Авторизованный пользователь не может пополнить счет другого пользователя","","2026-08-27","passed","2026-08-27","","API. Пополнение счета","api.iteration_2.DepositAccountTest","authorizedUserCannotDepositAnotherUserAccountTest"
"","229","API. Администратор не может создать пользователя с невалидными данными Невалидный role","","2026-08-27","passed","2026-08-27","","API. Создание пользователя","api.iteration_1.CreateUserTest","adminCannotCreateUserWithInvalidDataTest"
"","225","API. Администратор не может создать пользователя с невалидными данными Username содержит пробел","","2026-08-27","passed","2026-08-27","","API. Создание пользователя","api.iteration_1.CreateUserTest","adminCannotCreateUserWithInvalidDataTest"
"","1253","API. Авторизованный пользователь не может получить список транзакций по счету другого пользователя","","2026-08-27","passed","2026-08-27","","API. Получение списка транзакций по счету","api.iteration_3.GetAccountTransactionsTest","authorizedUserCannotGetAnotherUserAccountTransactionsTest"
"","446","API. Неавторизованный пользователь не может получить список пользователей","","2026-08-27","passed","2026-08-27","","API. Получение списка пользователей","api.iteration_3.GetAllUsersTest","unauthorizedUserCannotGetUsersListTest"
"","727","API. Авторизованный пользователь не может пополнить счет невалидной суммой Сумма пополнения равна 0","","2026-08-27","passed","2026-08-27","","API. Пополнение счета","api.iteration_2.DepositAccountTest","authorizedUserCannotDepositAccountWithInvalidAmountTest"
"","721","API. Авторизованный пользователь может пополнить счет Сумма пополнения: 5000.0","","2026-08-27","passed","2026-08-27","","API. Пополнение счета","api.iteration_2.DepositAccountTest","authorizedUserCanDepositAccountTest"
"","111","API. Администратор не может изменить профиль","","2026-08-27","passed","2026-08-27","","API. Обновление профиля пользователя","api.iteration_2.UpdateCustomerProfileTest","adminCannotGetProfileTest"
"","406","API. Пользователь может авторизоваться","","2026-08-27","passed","2026-08-27","","API. Авторизация пользователя","api.iteration_1.LoginUserTest","userCanGenerateAuthTokenTest"
"","155","API. Неавторизованный пользователь не может создать пользователя","","2026-08-27","passed","2026-08-27","","API. Создание пользователя","api.iteration_1.CreateUserTest","unauthorizedUserCannotCreateUserTest"
"","228","API. Администратор не может создать пользователя с невалидными данными Password без строчной буквы","","2026-08-27","passed","2026-08-27","","API. Создание пользователя","api.iteration_1.CreateUserTest","adminCannotCreateUserWithInvalidDataTest"
"","496","API. Авторизованный пользователь не может пополнить несуществующий счет","","2026-08-27","passed","2026-08-27","","API. Пополнение счета","api.iteration_2.DepositAccountTest","authorizedUserCannotDepositNonExistingAccountTest"
"","648","API. Авторизованный пользователь может создать счет","","2026-08-27","passed","2026-08-27","","API. Создание счета","api.iteration_1.CreateAccountTest","authorizedUserCanCreateAccountTest"
"","236","API. Администратор не может создать пользователя с невалидными данными Password содержит пробел","","2026-08-27","passed","2026-08-27","","API. Создание пользователя","api.iteration_1.CreateUserTest","adminCannotCreateUserWithInvalidDataTest"
"","238","API. Администратор не может создать пользователя с невалидными данными Password без цифры","","2026-08-27","passed","2026-08-27","","API. Создание пользователя","api.iteration_1.CreateUserTest","adminCannotCreateUserWithInvalidDataTest"
"","537","API. Авторизованный пользователь с правами администратора может получить список пользователей","","2026-08-27","passed","2026-08-27","","API. Получение списка пользователей","api.iteration_3.GetAllUsersTest","authorizedUserWithAdminPermissionsCanGetUsersListTest"
"","23","API. Пользователь не может авторизоваться с невалидными данными Username содержит пробел","","2026-08-27","passed","2026-08-27","","API. Авторизация пользователя","api.iteration_1.LoginUserTest","userCannotGenerateAuthTokenWithInvalidDataTest"
"","3759","UI. Пользователь не может пополнить свой счет с невалидной суммой Сумма пополнения равна 0","","2026-08-27","passed","2026-08-27","","UI. Пополнение счета","ui.iteration_2.DepositAccountTest","userCannotDepositAccountWithInvalidAmountTest"
"","109","API. Администратор не может получить профиль","","2026-08-27","passed","2026-08-27","","API. Получение профиля пользователя","api.iteration_3.GetCustomerProfileTest","adminCannotGetProfileTest"
"","26","API. Пользователь не может авторизоваться с невалидными данными Password короче 8 символов","","2026-08-27","passed","2026-08-27","","API. Авторизация пользователя","api.iteration_1.LoginUserTest","userCannotGenerateAuthTokenWithInvalidDataTest"
"","3168","UI. Пользователь не может пополнить свой счет без указания номера счета","","2026-08-27","passed","2026-08-27","","UI. Пополнение счета","ui.iteration_2.DepositAccountTest","userCannotDepositAccountWithoutAccountNumberTest"
"","343","API. Администратор не может создать пользователя с невалидными данными Пустой username","","2026-08-27","passed","2026-08-27","","API. Создание пользователя","api.iteration_1.CreateUserTest","adminCannotCreateUserWithInvalidDataTest"
"","230","API. Администратор не может создать пользователя с невалидными данными Username длиннее 15 символов","","2026-08-27","passed","2026-08-27","","API. Создание пользователя","api.iteration_1.CreateUserTest","adminCannotCreateUserWithInvalidDataTest"
"","23","API. Пользователь не может авторизоваться с невалидными данными Password без цифры","","2026-08-27","passed","2026-08-27","","API. Авторизация пользователя","api.iteration_1.LoginUserTest","userCannotGenerateAuthTokenWithInvalidDataTest"
"","617","API. Авторизованный пользователь не может изменить имя в профиле на невалидное Имя со спецсимволом","","2026-08-27","passed","2026-08-27","","API. Обновление профиля пользователя","api.iteration_2.UpdateCustomerProfileTest","authorizedUserCannotSetInvalidNameTest"
"","24","API. Пользователь не может авторизоваться с невалидными данными Password без спецсимвола","","2026-08-27","passed","2026-08-27","","API. Авторизация пользователя","api.iteration_1.LoginUserTest","userCannotGenerateAuthTokenWithInvalidDataTest"
"","23","API. Пользователь не может авторизоваться с невалидными данными Username содержит спецсимвол","","2026-08-27","passed","2026-08-27","","API. Авторизация пользователя","api.iteration_1.LoginUserTest","userCannotGenerateAuthTokenWithInvalidDataTest"
"","1458","API. Авторизованный пользователь не может перевести сумму превышающую баланс на счет другого пользователя","","2026-08-27","passed","2026-08-27","","API. Перевод","api.iteration_2.TransferFundsTest","authorizedUserCannotTransferAmountExceedingAccountBalanceTest"
"","105","API. Администратор не может создать счет","","2026-08-27","passed","2026-08-27","","API. Создание счета","api.iteration_1.CreateAccountTest","adminCannotCreateAccountTest"
"","4844","UI. Пользователь может выполнить перевод между своими счетами","","2026-08-27","passed","2026-08-27","","UI. Перевод","ui.iteration_2.TransferFundsTest","userCanTransferFundsBetweenTheirAccountsTest"
"","3546","UI. Пользователь может авторизоваться с валидными данными","","2026-08-27","passed","2026-08-27","","UI. Авторизация пользователя","ui.iteration_1.LoginUserTest","userCanLoginWithCorrectDataTest"
"","3377","UI. Администратор не может создать пользователя с невалидными данными","","2026-08-27","passed","2026-08-27","","UI. Создание пользователя","ui.iteration_1.CreateUserTest","adminCannotCreateUserWithInvalidDataTest"
"","1545","API. Авторизованный пользователь может перевести валидную сумму на счет другого пользователя Сумма перевода: 0.02","","2026-08-27","passed","2026-08-27","","API. Перевод","api.iteration_2.TransferFundsTest","authorizedUserCanTransferValidAmountToAnotherUserAccountTest"
"","756","API. Авторизованный пользователь может пополнить счет Сумма пополнения: 0.02","","2026-08-27","passed","2026-08-27","","API. Пополнение счета","api.iteration_2.DepositAccountTest","authorizedUserCanDepositAccountTest"
"","899","API. Авторизованный пользователь не может перевести валидную сумму на несуществующий счет","","2026-08-27","passed","2026-08-27","","API. Перевод","api.iteration_2.TransferFundsTest","authorizedUserCannotTransferFundsIntoNonExistingAccountTest"
"","22","API. Пользователь не может авторизоваться с невалидными данными Password без строчной буквы","","2026-08-27","passed","2026-08-27","","API. Авторизация пользователя","api.iteration_1.LoginUserTest","userCannotGenerateAuthTokenWithInvalidDataTest"
"","19","API. Неавторизованный пользователь не может получить свой профиль","","2026-08-27","passed","2026-08-27","","API. Получение профиля пользователя","api.iteration_3.GetCustomerProfileTest","unauthorizedUserCannotGetProfileTest"
"","4776","UI. Пользователь не может выполнить перевод без подтверждения данных","","2026-08-27","passed","2026-08-27","","UI. Перевод","ui.iteration_2.TransferFundsTest","userCannotTransferFundsWithoutConfirmTest"
"","231","API. Администратор не может создать пользователя с невалидными данными Password без спецсимвола","","2026-08-27","passed","2026-08-27","","API. Создание пользователя","api.iteration_1.CreateUserTest","adminCannotCreateUserWithInvalidDataTest"
